country,year,gdp_growth,inflation,exchange_rate,gdp_per_capita
Brazil,2010,7.53,5.04,1.76,11286
Brazil,2011,4.02,6.64,1.67,13245
Brazil,2012,1.92,5.4,1.95,12350
Brazil,2013,3.0,6.2,2.16,12264
Brazil,2014,0.5,6.33,2.35,12095
Brazil,2015,-3.55,9.02,3.33,8699
Brazil,2016,-3.28,8.74,3.48,8734
Brazil,2017,1.32,3.45,3.19,10020
Brazil,2018,1.78,3.68,3.65,9082
Brazil,2019,1.41,3.73,3.94,8717
Brazil,2020,-3.88,3.21,5.4,6797
Brazil,2021,4.6,8.3,5.4,7518
Brazil,2022,2.9,9.28,5.16,9076
Brazil,2023,2.91,4.62,4.97,8917
Brazil,2024,3.2,4.38,5.4,9000
Canada,2010,3.08,1.78,1.03,47448
Canada,2011,3.12,2.91,0.99,52087
Canada,2012,1.75,1.52,1.0,52441
Canada,2013,2.51,0.94,1.03,52494
Canada,2014,2.86,1.91,1.11,50343
Canada,2015,0.68,1.13,1.28,43595
Canada,2016,1.02,1.43,1.32,42360
Canada,2017,3.05,1.6,1.3,45141
Canada,2018,2.38,2.27,1.3,46306
Canada,2019,1.93,1.95,1.33,46213
Canada,2020,-5.11,0.72,1.34,43278
Canada,2021,5.03,3.4,1.25,52750
Canada,2022,3.37,6.8,1.3,55522
Canada,2023,1.15,3.88,1.35,53244
Canada,2024,1.1,2.33,1.37,55700
India,2010,8.5,11.99,45.73,1345
India,2011,5.24,8.86,46.67,1461
India,2012,5.46,9.3,53.44,1449
India,2013,6.39,10.91,60.08,1455
India,2014,7.41,6.37,62.0,1573
India,2015,8.0,5.88,64.16,1607
India,2016,8.26,4.95,67.19,1732
India,2017,6.8,2.49,65.12,1978
India,2018,6.53,4.86,68.39,2051
India,2019,6.45,3.73,70.42,2097
India,2020,-5.83,6.62,74.1,1928
India,2021,9.05,5.13,74.57,2261
India,2022,7.24,6.7,78.6,2399
India,2023,8.15,5.65,82.58,2612
India,2024,6.5,4.68,83.7,2809
Indonesia,2010,6.22,5.13,9090.0,3122
Indonesia,2011,6.17,5.36,8770.0,3641
Indonesia,2012,6.03,4.28,9387.0,3592
Indonesia,2013,5.56,6.41,10461.0,3624
Indonesia,2014,5.01,6.41,11878.0,3878
Indonesia,2015,4.88,6.36,13389.0,3370
Indonesia,2016,5.03,3.52,13308.0,3607
Indonesia,2017,5.07,3.81,13381.0,3838
Indonesia,2018,5.17,3.2,14237.0,3893
Indonesia,2019,5.02,2.82,13901.0,4174
Indonesia,2020,-2.07,1.92,14582.0,3872
Indonesia,2021,3.7,1.57,14308.0,4292
Indonesia,2022,5.31,4.21,14849.0,4784
Indonesia,2023,5.04,3.63,15236.0,4919
Indonesia,2024,5.0,2.52,15900.0,4917
Japan,2010,4.1,-0.72,87.78,44507
Japan,2011,-0.13,-0.27,79.72,48168
Japan,2012,1.5,-0.06,79.79,48615
Japan,2013,2.0,0.34,97.6,38633
Japan,2014,0.4,2.76,105.74,38122
Japan,2015,1.56,0.79,121.02,34525
Japan,2016,0.75,-0.12,108.79,38760
Japan,2017,1.71,0.47,112.17,38443
Japan,2018,0.62,0.99,110.44,39344
Japan,2019,-0.43,0.48,109.02,40247
Japan,2020,-4.1,0.02,106.79,40146
Japan,2021,2.1,-0.23,109.77,49938
Japan,2022,1.0,2.5,131.5,33815
Japan,2023,1.87,3.27,140.49,33875
Japan,2024,-0.1,2.73,151.8,33835
Malaysia,2010,7.42,1.62,3.22,8902
Malaysia,2011,5.29,3.21,3.06,10381
Malaysia,2012,5.47,1.65,3.09,11015
Malaysia,2013,4.69,2.11,3.15,11008
Malaysia,2014,6.01,3.14,3.27,11184
Malaysia,2015,5.03,2.1,3.91,9672
Malaysia,2016,4.22,2.09,4.15,9374
Malaysia,2017,5.79,3.84,4.3,9944
Malaysia,2018,4.77,0.97,4.04,11371
Malaysia,2019,4.4,0.66,4.14,11415
Malaysia,2020,-5.62,-1.14,4.2,10402
Malaysia,2021,3.34,2.48,4.14,12365
Malaysia,2022,8.7,3.38,4.4,13229
Malaysia,2023,3.63,2.51,4.56,13106
Malaysia,2024,5.1,1.84,4.47,14040
Nigeria,2010,8.01,13.72,150.3,2203
Nigeria,2011,5.31,10.84,153.86,2543
Nigeria,2012,4.21,12.22,157.5,2753
Nigeria,2013,6.67,8.48,157.31,2971
Nigeria,2014,6.31,8.06,158.55,3203
Nigeria,2015,2.65,9.01,192.44,2731
Nigeria,2016,-1.62,15.68,253.49,2176
Nigeria,2017,0.81,16.52,305.79,1969
Nigeria,2018,1.93,12.09,306.08,2028
Nigeria,2019,2.21,11.4,306.92,2229
Nigeria,2020,-1.92,13.25,358.81,1997
Nigeria,2021,3.4,16.95,401.15,2065
Nigeria,2022,3.27,18.85,425.98,2184
Nigeria,2023,2.86,24.66,645.19,1481
Nigeria,2024,3.3,33.2,1478.97,940
Philippines,2010,7.63,3.81,45.1,2201
Philippines,2011,3.66,4.65,43.31,2454
Philippines,2012,6.68,3.17,42.23,2580
Philippines,2013,7.06,2.94,42.45,2794
Philippines,2014,6.17,4.09,44.4,2839
Philippines,2015,6.35,0.71,45.5,2878
Philippines,2016,7.05,1.78,47.49,2943
Philippines,2017,6.93,3.22,50.4,3020
Philippines,2018,6.35,5.21,52.66,3103
Philippines,2019,6.1,2.51,51.8,3372
Philippines,2020,-9.52,2.41,49.62,3326
Philippines,2021,5.71,3.92,49.25,3460
Philippines,2022,7.58,5.82,54.48,3461
Philippines,2023,5.55,6.0,55.63,3594
Philippines,2024,5.65,3.2,56.57,3750
South Korea,2010,6.8,2.94,1155.7,23087
South Korea,2011,3.68,4.04,1108.3,25012
South Korea,2012,2.37,2.19,1126.9,25458
South Korea,2013,2.9,1.3,1095.1,27112
South Korea,2014,3.37,1.27,1053.0,29249
South Korea,2015,2.8,0.71,1131.4,28737
South Korea,2016,2.9,0.97,1160.5,29290
South Korea,2017,3.16,1.93,1130.5,31605
South Korea,2018,2.91,1.48,1100.6,33423
South Korea,2019,2.24,0.37,1165.7,32204
South Korea,2020,-0.71,0.54,1180.1,31638
South Korea,2021,4.3,2.49,1144.4,35168
South Korea,2022,2.61,5.09,1291.6,32236
South Korea,2023,1.38,3.59,1305.3,33148
South Korea,2024,2.1,2.3,1363.0,35000
Taiwan,2010,10.63,0.97,31.65,18995
Taiwan,2011,3.67,1.42,29.44,20897
Taiwan,2012,2.06,1.93,29.62,21337
Taiwan,2013,2.23,0.79,29.77,22625
Taiwan,2014,4.02,1.19,30.37,23150
Taiwan,2015,0.81,-0.3,31.9,22408
Taiwan,2016,1.41,1.39,32.34,23290
Taiwan,2017,3.31,0.62,30.42,25009
Taiwan,2018,2.78,1.35,30.72,25837
Taiwan,2019,3.1,0.56,30.93,26910
Taiwan,2020,3.37,-0.23,29.58,28332
Taiwan,2021,6.53,1.96,27.93,32896
Taiwan,2022,2.59,2.95,29.82,32767
Taiwan,2023,1.31,2.49,31.17,32942
Taiwan,2024,3.11,2.41,32.15,34100
Tanzania,2010,6.37,7.19,1409.0,702
Tanzania,2011,7.88,12.7,1573.0,832
Tanzania,2012,5.13,16.0,1583.0,934
Tanzania,2013,7.3,7.9,1601.0,1002
Tanzania,2014,7.03,6.1,1654.0,979
Tanzania,2015,6.72,5.57,2175.0,898
Tanzania,2016,6.93,5.16,2178.0,867
Tanzania,2017,6.79,5.34,2229.0,1007
Tanzania,2018,7.04,3.5,2263.0,1050
Tanzania,2019,5.79,3.38,2298.0,1097
Tanzania,2020,4.98,3.32,2296.0,1092
Tanzania,2021,4.32,4.25,2316.0,1129
Tanzania,2022,4.5,4.26,2336.0,1210
Tanzania,2023,5.1,3.82,2296.0,1266
Tanzania,2024,5.3,3.1,2597.0,1330
USA,2010,2.71,1.64,1.0,48374
USA,2011,1.55,3.16,1.0,49883
USA,2012,2.25,2.07,1.0,51597
USA,2013,1.84,1.46,1.0,53043
USA,2014,2.53,1.62,1.0,55108
USA,2015,2.99,0.12,1.0,56863
USA,2016,1.84,1.26,1.0,58018
USA,2017,2.33,2.13,1.0,60062
USA,2018,2.94,2.44,1.0,62997
USA,2019,2.3,1.81,1.0,65254
USA,2020,-2.77,1.23,1.0,63358
USA,2021,5.95,4.7,1.0,69314
USA,2022,2.1,8.0,1.0,76399
USA,2023,2.54,4.12,1.0,80038
USA,2024,2.77,2.95,1.0,85000
Uganda,2010,9.07,4.02,2177.0,449
Uganda,2011,6.77,18.69,2523.0,577
Uganda,2012,2.91,14.05,2505.0,638
Uganda,2013,3.4,4.93,2575.0,664
Uganda,2014,4.37,3.08,2600.0,680
Uganda,2015,5.71,3.96,3234.0,726
Uganda,2016,0.28,5.5,3420.0,642
Uganda,2017,5.05,5.63,3613.0,668
Uganda,2018,6.35,2.6,3727.0,742
Uganda,2019,7.47,2.84,3704.0,832
Uganda,2020,-1.42,2.77,3720.0,798
Uganda,2021,3.43,2.21,3589.0,899
Uganda,2022,4.73,7.23,3721.0,960
Uganda,2023,6.09,5.39,3831.0,997
Uganda,2024,6.0,3.6,3900.0,1030
Vietnam,2010,6.42,9.21,18548.0,1310
Vietnam,2011,6.24,18.68,20510.0,1543
Vietnam,2012,5.25,9.09,20828.0,1727
Vietnam,2013,5.42,6.59,21036.0,1895
Vietnam,2014,5.98,4.09,21148.0,2053
Vietnam,2015,6.68,0.63,21697.0,2109
Vietnam,2016,6.21,2.67,22161.0,2218
Vietnam,2017,6.81,3.53,22370.0,2395
Vietnam,2018,7.08,3.54,22603.0,2590
Vietnam,2019,7.02,2.79,23223.0,2804
Vietnam,2020,2.91,3.22,23208.0,2785
Vietnam,2021,2.58,1.83,22978.0,3694
Vietnam,2022,8.02,3.16,23684.0,4163
Vietnam,2023,5.05,3.25,24038.0,4284
Vietnam,2024,6.93,4.13,24500.0,4540
